4,1795044265,1.08721
0,2061680723,-0.181614
4,2147483647,-0.181614
0,1469174690,-1.0928
0,2049461606,-3.44843
0,1832636113,-1.9971
0,2147483647,-1.9971
0,1880486592,-1.75744
0,1999082500,-0.259885
4,1984393203,0.119423
4,2067445015,0.294269
4,2147483647,0.294269
0,1795959733,-0.593702
4,2147483647,-0.593702
0,1564855353,-2.73001
0,1964588954,-0.466024
0,2147483647,-0.466024
0,2052119660,-0.283035
0,1793706336,-0.445039
4,2147483647,-0.445039
4,1752124791,2.55723
0,1685218362,-0.168199
4,1573392336,1.28712
0,1880458216,-0.843323
4,2012557382,5.00693
0,2012276128,-0.465367
0,1678492947,-2.79698
0,2065477057,-0.63445
4,2147483647,-0.63445
0,1979683045,-0.479933
0,1880267634,-0.209664
0,2060187656,-1.90568
4,2054590838,1.58629
4,1969494477,0.414053
0,2017194237,-4.5998
0,1972194617,-0.232942
4,1969718774,2.46633
0,2006532087,-0.662614
4,2147483647,-0.662614
0,2002833024,-1.444
4,2147483647,-1.444
0,1968135638,-0.234944
4,2147483647,-0.234944
4,2147483647,-0.234944
4,2147483647,-0.234944
4,2147483647,-0.234944
0,1984882031,-1.17945
4,1825874213,0.2
0,1985608976,-0.570245
4,1883104826,0.118677
0,2051317114,-1.40491
0,2065281189,-0.733974
4,1985820444,2.95772
0,2063413171,-1.36146
4,1880130173,0.875903
0,2062361546,-1.11994
0,1558792776,-0.23496
4,2147483647,-0.23496
4,2147483647,-0.23496
0,1965620313,-1.86765
4,2055322852,1.89259
4,1753431870,4.05535
4,1760174764,1.14446
0,2057958274,-0.753971
4,1550838931,0.857536
4,1969464607,2.09338
0,2070703175,-0.374536
4,2053543748,0.301104
0,1956421114,-4.00312
0,1827648079,-0.210742
0,1994316027,-0.52506
4,2006624731,2.93119
0,1792073269,-0.0789397
0,2001076939,-0.0457228
0,1990447518,-1.45763
0,2054921288,-2.86925
4,2070183042,0.674894
0,2057819813,-0.11776
0,2062399417,-2.55581
0,2030213594,-0.127915
0,2147483647,-0.127915
0,2048223166,-0.459953
0,2071914271,-1.44412
4,2147483647,-1.44412
0,1981029899,-1.94234
0,1974741993,-2.32275
4,2064208100,0.789519
0,1988770562,-0.676247
4,2147483647,-0.676247
0,2147483647,-0.676247
4,1983127514,2.2008
4,2147483647,2.2008
0,1963820192,-0.3279
0,2060344038,-0.0902479
0,2063822521,-1.92349
4,2061891319,4.51031
4,2058777653,0.0721666
4,2006290912,0.320824
0,1997659079,-2.61371
4,2060423355,0.916972
4,2051440293,0.783133
0,1553584021,-0.169114
4,1880538473,1.55236
0,2147483647,1.55236
0,1795134642,-0.595207
4,2147483647,-0.595207
4,2147483647,-0.595207
0,1968766091,-0.279948
0,1754524035,-1.6612
4,2147483647,-1.6612
0,2052866830,-0.215388
0,1824621390,-3.21512
0,2058829297,-0.739632
4,2147483647,-0.739632
0,1759817127,-0.462877
0,1977704286,-1.83685
0,2009186598,-1.63924
0,2147483647,-1.63924
0,2147483647,-1.63924
0,1794268637,-0.339423
4,1752443716,0.674894
0,1555729487,-0.965423
0,1695657091,-1.85646
0,1957241010,-0.223622
4,2147483647,-0.223622
0,1993665707,-0.528161
0,1753415392,-3.61818
0,2060924768,-3.34557
0,2059068356,-1.23779
4,1880102032,0.34842
0,2014295733,-0.802041
0,2147483647,-0.802041
4,2147483647,-0.802041
4,2147483647,-0.802041
0,1995128672,-0.807344
4,2018322681,0.645258
0,2015063840,-1.78527
0,1970521949,-0.173328
0,1880934027,-0.692021
4,1834956316,0.68431
0,2049878032,-0.985266
4,2147483647,-0.985266
0,1982049837,-1.93308
0,1980254470,-3.67799
0,2147483647,-3.67799
0,1979350277,-2.85078
4,2147483647,-2.85078
4,2147483647,-2.85078
4,1677370967,0.810273
0,1967455796,-0.863563
0,2003317043,-2.83182
4,2018771529,0.00424149
0,1882797844,-0.620936
0,1468268968,-1.58355
4,2147483647,-1.58355
0,1996420073,-1.20946
4,2147483647,-1.20946
0,1992316009,-0.671602
4,2147483647,-0.671602
4,2147483647,-0.671602
0,2001322140,-0.976471
0,1964545474,-1.03618
4,1992975233,1.83761
4,2147483647,1.83761
0,1573718285,-3.26089
0,2060923067,-0.902811
4,2147483647,-0.902811
0,2068038111,-2.15462
0,1754790896,-0.694671
0,1825559196,-2.91202
0,1468407171,-3.18698
4,1687360159,0.0675702
0,2147483647,0.0675702
0,1551585303,-0.114197
0,2015556169,-0.6062
0,2031448467,-0.0151506
0,2147483647,-0.0151506
0,1755443052,-1.22511
0,1978989850,-2.33195
4,2070839409,0.674894
0,1963199940,-0.846944
0,1686216416,-1.84077
0,2062290214,-5.37609
4,1981443860,2.05261
0,1979558827,-2.17846
0,1972666999,-1.04027
0,2147483647,-1.04027
4,2147483647,-1.04027
0,1558343258,-1.51963
0,1966596581,-2.85481
0,2064157580,-0.0113152
0,2147483647,-0.0113152
4,2015627378,0.334546
0,1834307574,-0.373186
0,1685573214,-1.04516
0,1990841329,-4.09837
0,2147483647,-4.09837
4,2147483647,-4.09837
4,1468636811,1.31381
4,2147483647,1.31381
0,2061473271,-0.581717
0,2071945748,-2.16509
0,2071729576,-1.92209
0,2147483647,-1.92209
0,1990361201,-0.370476
0,2060085655,-0.23458
0,2018732908,-0.969851
4,2147483647,-0.969851
4,2001240698,1.12707
4,1794908363,0.015951
4,1834605969,0.662738
4,1992871959,1.78717
4,1686274417,0.189593
4,2147483647,0.189593
4,2060637968,0.543779
4,2147483647,0.543779
0,2062955047,-0.70587
4,2011239116,0.974535
4,1754696920,1.10785
0,2060528023,-2.4402
0,1967983859,-0.493147
4,1791791919,2.07946
0,1833896516,-1.96552
0,1976734877,-0.953348
0,2066921376,-0.46144
4,2147483647,-0.46144
0,1976091889,-1.72929
0,1824637314,-0.819592
4,1994142588,0.2
0,2015163696,-0.0182143
0,2147483647,-0.0182143
4,2054771273,0.777075
4,1794463713,2.21954
0,2147483647,2.21954
0,1881517208,-0.468797
0,2147483647,-0.468797
0,2064495483,-0.313856
4,1752767220,0.625428
0,1983793863,-0.768968
4,2147483647,-0.768968
0,2067219174,-0.357706
4,2050955778,1.67469
0,1970285166,-0.462898
4,1972729453,2.26977
0,2062710646,-0.119399
0,2007163626,-1.97664
0,2058008953,-0.640519
0,1970195826,-0.0493055
0,1970221818,-0.638845
0,2147483647,-0.638845
0,1932276847,-1.18392
0,2147483647,-1.18392
0,1990009406,-1.3961
4,1976366758,1.50774
4,1961044058,0.314464
0,1559908144,-0.0687999
0,2054717302,-3.02446
4,2147483647,-3.02446
0,1969783607,-1.01411
0,1677504257,-3.57394
4,1883253969,0.227182
0,1880956893,-0.58931
0,2065625176,-1.32933
4,1975619383,0.435914
4,1823808919,3.4562
0,2058181085,-1.53063
4,2147483647,-1.53063
0,1833587520,-1.03078
0,1793987031,-2.52947
4,2147483647,-2.52947
4,2147483647,-2.52947
0,2064168025,-6.24592
0,1827487171,-1.58443
0,2004305396,-0.746583
4,1573580743,1.82907
4,1751202385,0.674894
0,1678153109,-0.469899
4,1984879707,0.71175
0,2065478647,-0.654723
0,1551271087,-1.13693
0,1827469657,-0.786973
0,2147483647,-0.786973
0,1557980464,-0.750377
4,1990788016,1.31665
0,1995956924,-8.67292
0,1974444395,-0.323316
0,1971970362,-0.596171
0,1961355870,-0.244835
0,1964939778,-4.15279
0,1981969904,-1.00266
0,1990524894,-3.38694
4,2065175912,0.484874
4,2147483647,0.484874
0,1961298221,-1.3223
0,2147483647,-1.3223
4,2147483647,-1.3223
0,1468653891,-1.2143
4,2147483647,-1.2143
4,2147483647,-1.2143
0,1564733573,-1.23464
0,2052826175,-0.402689
0,2012312804,-0.306018
4,1932858264,0.478473
4,2064182414,0.851609
4,2147483647,0.851609
0,2054918386,-1.61542
0,1999708883,-0.750041
4,1963373265,0.286258
0,2058074207,-0.239053
4,2013653469,0.888955
0,2054934009,-0.278704
0,2067315849,-7.06981
0,2048303505,-0.191152
4,2147483647,-0.191152
0,1824181707,-2.34334
4,1965071295,0.448368
0,1969964448,-0.385839
0,1982248051,-0.213999
0,2063803775,-2.97485
0,1978971910,-3.59834
4,1677402065,0.144175
4,2147483647,0.144175
0,2147483647,0.144175
0,2147483647,0.144175
0,1982666707,-0.373284
0,1972226044,-0.31549
0,2147483647,-0.31549
0,1687042965,-1.55143
0,1755842151,-0.924291
0,2147483647,-0.924291
0,1981390181,-2.05492
0,1834661351,-0.245543
4,1559940226,0.68926
4,1969158469,1.22961
4,2065676615,0.606348
0,1753518278,-1.62409
0,2017704222,-0.0999378
0,2048010284,-0.76986
0,2061667449,-0.769458
4,1981103582,1.33196
4,1676752163,0.289551
0,2059613708,-0.695226
4,2147483647,-0.695226
0,2048031475,-2.10411
4,2147483647,-2.10411
0,2147483647,-2.10411
0,1997678271,-0.652328
0,1992520476,-0.322451
0,1882128427,-1.0584
0,2068890921,-0.853779
0,1827098699,-0.850716
0,2147483647,-0.850716
4,1971329093,0.837368
0,1882268773,-1.68093
0,1881542792,-1.10545
0,1975740156,-0.140078
0,2051498708,-0.648498
0,2147483647,-0.648498
4,1997212357,0.142362
4,1880782217,2.8658
4,1995928037,0.297429
0,1836134023,-0.308108
0,1880904154,-2.29149
0,2058860623,-1.26944
0,2013974188,-3.98642
0,1793776408,-0.758005
0,1968862893,-0.023522
0,2147483647,-0.023522
4,2059542444,0.10469
0,2048516472,-4.37787
4,2147483647,-4.37787
4,1985184604,0.24879
0,1833986077,-2.68612
0,2069567914,-1.43311
4,1986581930,1.49063
0,2071222739,-2.00729
0,1998065234,-0.279673
0,2063769679,-0.134135
4,2147483647,-0.134135
0,2147483647,-0.134135
4,1556595537,0.586254
4,1985866989,2.25997
0,1980433807,-0.579593
0,1956211993,-0.88232
0,2063572918,-2.27338
4,2003493750,0.0226469
0,2059428675,-0.380219
0,1991385377,-2.57509
4,2147483647,-2.57509
4,1997261281,0.974826
4,2147483647,0.974826
0,2064359618,-0.594707
0,2047902007,-3.67947
4,1981161655,0.786891
4,2012798441,1.61432
4,1564235860,2.6554
0,1995191483,-4.08844
4,1694873919,0.612479
4,1972913509,0.211553
4,2060667381,0.110522
0,1965638677,-4.863
0,2147483647,-4.863
0,2049384285,-1.42627
0,1956243781,-0.181614
0,1989631122,-0.788551
0,2002316821,-0.135199
0,2003792939,-1.62347
4,1981127497,0.718951
4,2147483647,0.718951
0,2009989333,-0.115105
0,1881580411,-2.35623
4,1824524647,0.131057
4,2014730504,0.668239
0,1960823271,-0.00544397
4,2065672240,1.9602
4,2012926711,0.855785
0,1996729711,-0.353385
4,1468416968,1.35154
0,2039895863,-1.23449
0,1969681049,-0.272053
4,1760069536,1.58856
0,2147483647,1.58856
4,1755249365,0.2
0,1553584195,-1.46891
0,2002844615,-1.15207
0,2047296850,-3.19987
0,1962678655,-1.06262
0,2045107513,-2.35875
4,1986809950,0.721375
0,1970041576,-0.711284
4,1676445454,0.589185
4,2147483647,0.589185
0,1989832354,-0.887277
4,1834617869,0.2
0,2051645543,-0.586673
4,2147483647,-0.586673
4,2147483647,-0.586673
4,2147483647,-0.586673
0,2000222270,-0.527196
4,2147483647,-0.527196
4,2016932251,0.803085
0,1678336120,-1.6891
4,2049771496,1.19837
0,1559643205,-0.347769
4,1960325556,2.12935
4,1686849243,0.487682
4,2014897516,0.0189906
0,2018011913,-1.5847
4,1694392093,0.21344
4,1565067341,0.335431
4,1983581062,0.0198782
4,2147483647,0.0198782
4,2147483647,0.0198782
0,1982835826,-0.483086
4,2016320660,1.63875
4,2147483647,1.63875
0,2071869155,-1.555
4,2048427770,1.18651
4,2050405738,2.01897
0,2147483647,2.01897
4,1752697690,1.44034
0,1824133800,-0.0173418
0,1969197937,-0.00238032
4,2147483647,-0.00238032
0,1792481006,-1.82994
0,2050904698,-2.54231
0,1995274647,-0.295844
0,2058861576,-2.19023
0,1964705872,-1.58553
0,1693744289,-0.285508
0,1977996441,-2.41411
4,2147483647,-2.41411
4,1678091393,0.411854
4,1834222944,0.262128
4,2147483647,0.262128
0,2147483647,0.262128
4,2147483647,0.262128
0,2039972565,-1.57917
0,1832769582,-1.19171
0,1979566665,-1.62421
4,1986920737,0.558156
0,1564381575,-0.976551
4,1564299946,1.34852
4,1882350045,1.29861
4,1967303916,0.642535
0,1997910286,-1.09816
4,2031238773,3.02827
4,2003082359,0.414522
4,1995548586,1.55261
4,2147483647,1.55261
0,1564585458,-5.35089
0,2147483647,-5.35089
0,2147483647,-5.35089
4,1676947102,0.487682
0,1822323345,-0.204085
0,1883560665,-5.23162
0,2016105149,-0.0772844
0,2014917009,-0.600757
0,1963199198,-1.48824
0,1979256390,-0.170731
0,1825200700,-0.716291
0,2002253983,-1.04483
0,1558424919,-0.548569
0,1880103290,-0.270199
4,2147483647,-0.270199
0,2147483647,-0.270199
4,1551649043,1.71155
0,1793658942,-0.0741743
0,2049539137,-0.292966
0,1548812521,-5.33492
0,1998269815,-2.06082
0,1880609719,-2.14106
0,1992996284,-0.872626
0,1969959604,-0.555156
0,2002411368,-2.32079
0,2069472657,-0.359616
4,2147483647,-0.359616
4,1933168908,1.67709
0,1552035688,-1.02145
0,1880841222,-1.6862
0,1880016348,-0.816773
4,2147483647,-0.816773
0,1992605142,-0.28768
4,2015588045,0.897467
4,1984121255,1.38024
4,2147483647,1.38024
4,2147483647,1.38024
4,1881859454,0.2
0,1996193781,-1.22652
0,1989694330,-1.39291
0,2061046866,-3.83532
4,1823416419,2.61458
0,1469556886,-0.120013
0,2053022842,-1.781
0,2147483647,-1.781
0,1969975853,-0.0851024
4,1976830613,3.10045
0,1880039125,-2.79014
0,1978854801,-0.558685
4,2062000752,1.35482
0,1993837609,-0.114197
0,1957629260,-1.39379
0,1693934208,-0.0810447
0,1977053537,-0.406889
0,2051643286,-2.12186
4,1685870875,1.17424
0,1970338464,-0.533969
0,1993837556,-0.114197
0,1974675381,-1.45493
0,1932774181,-1.11
4,1976969897,1.18555
4,1998163432,0.893147
4,1823040086,1.8359
0,2002002173,-1.92924
4,1973262315,1.11194
4,2072286857,0.990925
4,2053703659,0.205918
0,2064711519,-0.43685
0,2064507453,-0.219694
4,1693809577,0.12426
4,2048339592,0.230188
0,2048073856,-0.473263
0,1933074283,-0.114197
4,2063339986,0.718861
0,1880633583,-2.04484
0,1982908226,-0.44883
0,2052060687,-3.43871
0,2016122955,-0.737017
0,1995593099,-1.0844
0,2063022276,-0.631458
0,1976520175,-1.90723
0,1834428893,-0.647396
0,2000304403,-1.99713
0,1564022098,-1.26194
4,2147483647,-1.26194
0,1693119391,-1.01006
0,2016250485,-0.452522
0,2017104199,-1.11021
0,2060701701,-0.612485
0,1991222386,-0.984191
4,1974666481,3.42444
0,1770809502,-1.90944
0,1824135057,-0.0111376
4,2147483647,-0.0111376
0,1573617648,-0.670735
0,2052096929,-0.400094
0,1978516086,-0.34977
4,1687215166,1.95588
0,1558214781,-1.11957
4,2147483647,-1.11957
0,2056095063,-1.56359
0,1565687097,-1.84002
0,2014804810,-0.387787
0,2056896857,-1.01489
0,2014886961,-0.0838867
4,2147483647,-0.0838867
0,2147483647,-0.0838867
0,2147483647,-0.0838867
0,1979270624,-1.22127
0,1980025682,-2.96229
4,2053918152,0.993101
4,2147483647,0.993101
0,1694727520,-1.50199
0,1565996758,-0.298388
0,1975957140,-1.35791
0,2147483647,-1.35791
0,1970943057,-0.909747
4,2147483647,-0.909747
4,1979910058,1.06011
4,1964854224,1.1073
0,2011312876,-0.0117642
4,1976215769,0.2
0,1996045212,-6.81324
4,2147483647,-6.81324
0,1989912915,-1.10987
4,2014218959,0.465436
0,2147483647,0.465436
0,2062025660,-0.788836
0,1970922383,-7.56343
0,2147483647,-7.56343
0,2060596900,-1.0636
4,2061539967,0.625371
0,1686138318,-0.481426
0,1557713531,-1.1003
0,1880664968,-0.0231007
0,2053050802,-0.473474
4,1686335394,1.30323
4,1795691416,1.59217
0,1972789851,-0.0116724
4,2054655011,0.450198
0,1880477820,-1.24297
0,1990079729,-0.698693
0,1980618570,-0.0672006
0,1694240308,-0.135008
4,2048679195,0.225068
4,1972040388,1.15013
0,1823739979,-0.205465
0,1834020956,-1.03411
0,1967494194,-0.334645
0,2147483647,-0.334645
0,1686877455,-2.27475
0,1971031747,-1.67912
0,2067144644,-2.02727
0,1969440440,-2.82369
0,1992893061,-1.51763
0,2003264493,-1.49014
0,2000304879,-0.722932
0,1984464114,-3.07426
0,1559006753,-1.17812
0,1978747539,-1.01436
0,2002065355,-1.5996
4,1880429207,0.228368
0,1685538264,-2.04887
0,1834885585,-1.78827
0,1984072241,-0.639309
0,1793204245,-3.53877
0,1991349719,-5.40902
4,2147483647,-5.40902
4,1550762111,1.12897
4,1960576036,3.70957
0,2147483647,3.70957
0,2147483647,3.70957
0,2147483647,3.70957
0,1970674292,-0.188503
0,1686183338,-2.48228
0,1989686683,-0.321926
0,2064742059,-0.175706
0,2014035669,-1.08187
0,1979481632,-1.34119
0,2071476597,-4.16876
0,2147483647,-4.16876
0,1996972646,-0.0531344
0,2061966237,-0.542196
4,2147483647,-0.542196
0,1825240263,-2.11381
0,2013706488,-0.216794
0,1835425436,-1.23972
0,1982449367,-0.310039
4,1963462813,0.2
0,1755059583,-0.719866
0,1827428252,-0.474839
4,2053969766,0.2
4,2017826834,0.2
4,2147483647,0.2
0,2147483647,0.2
4,2147483647,0.2
4,2147483647,0.2
4,2012820058,0.2
4,1995234715,0.140596
0,2056823033,-2.26749
0,1680313288,-0.516804
0,1751034655,-1.53281
4,2147483647,-1.53281
0,1880895639,-3.96269
0,2052661577,-1.00715
4,2047027958,1.66461
0,1882319877,-0.941691
0,2069433410,-0.80394
0,1880598499,-1.21272
4,2147483647,-1.21272
4,1997655687,1.16916
0,2001799719,-0.660862
4,1557328620,1.0605
4,2147483647,1.0605
0,1677536277,-1.974
4,2045841787,0.350315
0,1999647580,-0.874175
0,2014629488,-1.33692
0,1989933460,-0.525462
4,2050682617,1.23013
4,1984730378,1.45764
0,2064316692,-0.556733
0,2047672703,-3.15041
0,1752590890,-0.942658
0,2047792435,-0.971095
0,2017702571,-0.480462
4,1751138541,1.28559
0,1974660315,-1.69512
0,1984815393,-0.284152
0,2014308011,-1.44095
4,2147483647,-1.44095
0,2003711900,-1.87781
4,1548853933,2.01999
0,2015799252,-0.183003
0,2053296799,-0.605027
4,2003023406,0.828289
0,2147483647,0.828289
0,1985507265,-2.48824
0,1971268786,-4.33451
0,2072514150,-0.43046
4,1992083655,0.00948168
4,2000410619,0.486747
0,2067741466,-2.75657
4,2147483647,-2.75657
0,2147483647,-2.75657
0,2001821426,-0.0427406
0,2015651678,-4.6067
0,2147483647,-4.6067
0,1956658822,-2.2056
0,2052502305,-1.59503
0,1976776633,-0.584879
0,2147483647,-0.584879
0,1978438587,-0.546065
0,2012969871,-3.72005
0,1771003528,-0.701397
0,1971483037,-0.0996138
0,1990698900,-1.6526
4,2147483647,-1.6526
0,2147483647,-1.6526
0,2068115632,-1.62115
0,2061348244,-0.957416
0,1832659418,-0.67959
4,2044614329,0.667869
4,1792693919,0.082217
0,2063880749,-0.205465
0,1751068708,-2.16191
0,1564987841,-2.56367
0,1983710380,-1.16969
0,1968116994,-1.56703
0,1676342419,-0.235112
4,2147483647,-0.235112
0,1982310761,-1.86109
0,1985575804,-1.24709
0,1881417341,-0.114673
4,2147483647,-0.114673
0,1468938119,-0.683891
0,1996024508,-0.660684
0,2050640153,-2.03685
0,1961355710,-1.42371
0,2064712152,-1.87072
4,1678548313,3.45531
0,2147483647,3.45531
0,1881041117,-1.18451
0,2147483647,-1.18451
0,2050361434,-0.819914
4,1880858882,1.50644
0,1988864101,-0.579131
4,2147483647,-0.579131
0,2147483647,-0.579131
4,2147483647,-0.579131
0,1978776042,-0.114197
0,1993123737,-1.38084
0,1881502835,-0.381363
0,2051420448,-0.819566
4,2147483647,-0.819566
4,1468532172,0.0321443
0,2054561308,-1.20213
0,1558213373,-2.1931
0,2049597630,-1.56081
0,1694165895,-0.502067
0,2058045970,-2.29477
4,1992166439,0.0982173
4,2147483647,0.0982173
0,2001311901,-0.431229
4,2018598033,3.82988
0,1978263890,-2.91545
0,1969472555,-1.10401
4,1573779492,0.938074
4,2147483647,0.938074
0,1979807235,-0.699846
4,2147483647,-0.699846
0,1753310108,-0.627859
4,2147483647,-0.627859
4,2018147422,0.337937
0,2004201964,-0.492245
0,1686335262,-3.48808
0,2052924377,-1.25986
4,1824280719,0.777075
0,1678693599,-0.0495415
0,1555984963,-0.207193
4,2147483647,-0.207193
0,2069363159,-0.0964941
0,2001588719,-1.91014
0,1791938654,-0.0915183
4,2147483647,-0.0915183
0,1972330308,-1.46223
0,2054826273,-0.957276
0,1984668456,-0.138421
4,2001818984,0.311468
0,1553491388,-0.258333
4,2147483647,-0.258333
0,2147483647,-0.258333
0,1835885753,-0.46255
4,1551298222,1.6412
4,2147483647,1.6412
0,2147483647,1.6412
4,2147483647,1.6412
0,1976109543,-1.16911
0,1834952043,-5.49019
0,1969912809,-0.434784
0,2147483647,-0.434784
0,2052948988,-0.505824
0,1563558073,-0.00440856
0,2147483647,-0.00440856
4,1827587440,0.920144
0,1880572752,-1.51703
0,1548497412,-0.7268
0,2147483647,-0.7268
0,2063050600,-1.44223
0,1468353283,-1.86106
4,1752401969,0.0185846
0,2147483647,0.0185846
4,1467810369,0.213403
4,2147483647,0.213403
4,1685725616,0.423077
0,2008559961,-1.54897
0,1969212179,-0.494085
4,2147483647,-0.494085
0,1992332372,-0.0134434
0,1979615996,-0.579357
0,2147483647,-0.579357
0,1990213029,-1.09087
0,1997541738,-0.310826
0,2039910869,-0.335887
4,2147483647,-0.335887
4,1574106077,1.32859
0,2003710175,-3.00899
0,1824804465,-1.45675
0,2060546487,-0.196278
4,1995126681,0.712966
0,1565330750,-0.811166
4,1983427578,0.262253
0,1985986062,-2.72751
0,2017643225,-0.590696
0,2147483647,-0.590696
4,1990872440,0.506884
4,1986044144,2.50669
4,2147483647,2.50669
0,1833400604,-0.709814
0,1551683036,-0.429925
0,1986619770,-1.63594
0,2147483647,-1.63594
0,1971515559,-0.892288
0,2048304606,-0.581969
4,2147483647,-0.581969
0,1835673287,-0.0898459
0,1687766121,-0.519662
0,1880756424,-0.956828
0,2032506760,-1.06412
4,1564317284,0.198948
0,2055774555,-0.23517
0,2002498280,-3.96064
0,2044345080,-0.423264
0,1981658974,-3.51464
0,1794227178,-0.360112
4,2147483647,-0.360112
0,1825689609,-0.976243
4,1997120451,0.786983
0,2147483647,0.786983
4,2147483647,0.786983
0,1676253209,-1.05313
4,1573685091,0.656728
4,1691339437,0.329735
4,2070982324,0.149662
0,1970942043,-0.45969
0,2147483647,-0.45969
0,1834516261,-2.62896
0,1825414085,-1.09888
0,1825438104,-2.08185
4,2053752780,1.01088
0,2147483647,1.01088
4,1553944744,0.0982173
4,2013545135,0.31429
0,1880597957,-0.965126
0,1573310055,-0.571193
4,2147483647,-0.571193
4,2043947464,0.544127
4,2069579221,1.03686
0,2051339200,-1.39182
4,1548778307,0.993253
4,2147483647,0.993253
0,2053858057,-0.212123
4,2147483647,-0.212123
0,1979138878,-2.35294
4,2147483647,-2.35294
0,1999080488,-1.17874
0,2018643996,-0.114197
4,1968617405,0.814138
0,1548318058,-2.71498
4,2147483647,-2.71498
0,1982165892,-0.488415
0,2044735634,-0.225545
0,2147483647,-0.225545
4,1883344152,0.298638
0,1995043358,-5.05282
4,1995997406,0.754879
4,2147483647,0.754879
0,1824409638,-2.01769
0,2014452437,-4.39575
0,2045437602,-0.250204
0,2008556706,-0.662601
0,1573649805,-0.212569
0,2001965645,-0.84588
0,2147483647,-0.84588
0,1977478446,-0.267249
0,2069637857,-0.577705
0,1824898282,-0.483036
0,1834402106,-0.207193
0,2065820335,-2.15515
4,1823834710,4.23663
4,2147483647,4.23663
4,2147483647,4.23663
0,1793505352,-0.829352
0,2147483647,-0.829352
4,2063292817,1.68133
0,2002858836,-1.43164
0,1685127332,-1.58944
4,2147483647,-1.58944
0,1963135793,-6.51497
0,1562361914,-0.739569
0,1965621204,-0.419957
0,1995958251,-2.28037
4,2147483647,-2.28037
0,1974445089,-0.354278
0,2039779782,-4.42334
0,2147483647,-4.42334
0,1999100085,-0.0475215
4,1966904988,0.499537
0,1677828589,-1.50844
4,1956132186,0.54579
4,2147483647,0.54579
0,1984601873,-1.95662
4,2018947471,0.0281497
0,1961113956,-0.777574
0,2147483647,-0.777574
0,1992271679,-2.03438
0,1556360851,-2.55114
4,1692287477,1.1091
0,2147483647,1.1091
4,2147483647,1.1091
4,2147483647,1.1091
4,2014648612,0.308826
4,2147483647,0.308826
0,2147483647,0.308826
4,1971915406,0.627225
0,1993245980,-2.82357
0,1964814560,-0.0480513
0,2053612566,-0.50274
4,1965887145,0.325163
0,1825218926,-0.178857
0,1755061131,-0.346465
4,2147483647,-0.346465
0,1834897699,-0.805334
0,1684819899,-1.02469
4,2054005955,2.37359
0,1827820002,-3.43696
0,1996518644,-2.13531
4,2147483647,-2.13531
4,2147483647,-2.13531
0,2063873722,-1.74965
4,2051249579,1.64596
0,1678879503,-0.0420869
0,2147483647,-0.0420869
4,2147483647,-0.0420869
4,2147483647,-0.0420869
0,1974332894,-0.918882
4,1990790203,0.697403
4,2055267316,0.247444
0,1793483301,-0.711359
0,1962438840,-0.997784
0,2070428023,-3.19092
0,1468869955,-0.333004
4,1833427018,0.19833
0,2002141589,-1.44554
4,1975516788,0.893147
4,1553546827,0.643424
0,2055056901,-0.802448
0,1975425119,-0.426589
0,2045170497,-0.70001
4,2147483647,-0.70001
4,1681092997,0.289612
0,2050285762,-0.517711
4,1792690185,0.2
4,2147483647,0.2
0,1834942617,-0.347819
4,2147483647,-0.347819
4,2147483647,-0.347819
0,1968678347,-0.862535
0,1967005599,-0.687303
0,1468294189,-0.735154
0,2053502340,-1.51936
4,2147483647,-1.51936
0,1978272867,-0.459865
4,2147483647,-0.459865
0,2052494147,-2.5526
4,2147483647,-2.5526
0,1556510200,-1.45084
0,1992607102,-2.85327
4,1983976761,0.875438
0,2147483647,0.875438
0,1975849245,-2.03026
4,1469269900,0.674894
0,1933201064,-1.2942
0,2014023109,-3.10689
4,1470091904,0.459425
4,1999761186,0.776385
4,1558726445,0.259773
0,2054035205,-1.92307
0,1833020239,-0.180898
0,1980310380,-0.874386
4,2147483647,-0.874386
4,2011541308,0.40353
0,1548318089,-0.317612
0,1993540627,-5.79329
0,1678069744,-0.0431085
4,1679241097,0.160944
4,2066060245,0.0153779
4,2147483647,0.0153779
0,1550967980,-1.16825
0,1979428033,-0.923412
0,1565365365,-4.63858
0,1985557373,-3.00238
4,1468623062,0.130173
0,1974851818,-5.39388
0,1695620876,-0.759568
0,2015986647,-1.87564
4,1834111498,1.90283
0,2147483647,1.90283
0,1753631640,-1.58398
0,2008446091,-0.038121
4,2147483647,-0.038121
0,1980034897,-1.79189
4,1833888453,1.48758
4,1573804506,0.222472
0,2003204139,-0.580264
4,1991746257,1.58629
4,1962907469,1.66787
0,2014753660,-4.12193
4,2147483647,-4.12193
0,2069027123,-2.0895
4,2147483647,-2.0895
0,2064127803,-1.2485
0,1992230245,-0.711289
4,2049697065,5.44293
0,1974529849,-1.20362
0,2068416130,-0.462664
0,1983326993,-0.242394
4,1676423740,0.326106
0,1978200499,-0.899556
0,1824637284,-4.40524
0,1978997260,-2.14424
4,2147483647,-2.14424
0,1979536499,-0.704423
0,1835888198,-3.28723
0,1956850350,-3.24211
0,1834897181,-1.02782
0,2147483647,-1.02782
0,1676808119,-1.09557
0,2070089307,-3.61325
0,2050041247,-0.763871
0,1750895141,-0.317343
0,1556552091,-0.687303
0,2060241369,-0.114197
0,2049708007,-1.51533
0,1556065268,-1.29427
0,2060527446,-0.228953
4,1981900585,0.591323
4,2147483647,0.591323
0,2062648927,-3.16037
4,2147483647,-3.16037
4,1791922600,1.03264
0,1977307638,-1.63239
4,2051149296,1.14519
0,2016642645,-2.0757
0,1822723156,-1.31759
0,2016072529,-0.20729
0,2058726612,-3.16606
0,1692258241,-1.35513
0,1973021025,-3.64696
0,1771210128,-1.18978
0,2147483647,-1.18978
0,1563830597,-1.41784
0,1990565486,-0.2749
4,1792420652,2.05903
4,2147483647,2.05903
4,2147483647,2.05903
0,1694812972,-3.82687
0,2147483647,-3.82687
0,1975439293,-0.156435
0,1833921839,-1.29647
4,2064217114,0.536025
0,1687309499,-3.01942
4,2147483647,-3.01942
4,1557644140,2.20929
0,2002871716,-1.6929
0,2046868012,-0.507388
4,2147483647,-0.507388
0,2147483647,-0.507388
4,2147483647,-0.507388
0,2056771009,-0.114197
4,1969042202,0.411854
4,1759878832,0.0821638
0,2047389913,-1.46726
0,1558707117,-0.0129945
4,2067795339,0.36595
4,2061826540,1.03689
4,2147483647,1.03689
0,2147483647,1.03689
4,1984839312,0.246256
0,2147483647,0.246256
4,1794772516,1.2033
4,2147483647,1.2033
4,2012261849,0.505981
4,2147483647,0.505981
4,2063984098,0.0703782
4,2070377275,2.63559
4,1991860895,0.2
0,2147483647,0.2
0,1960296107,-4.30268
4,2071700951,0.117971
0,1676995528,-0.0714694
0,1791599250,-0.0231436
0,2053464168,-1.23362
0,2064037203,-0.938283
4,1559673443,1.0824
0,1564564450,-1.91272
4,1974682319,0.849914
0,1967847540,-0.336395
0,2061164776,-2.63562
0,2147483647,-2.63562
0,1994724802,-2.42643
0,1694552445,-0.17658
0,2063643369,-0.262675
4,2018460485,0.551082
0,1969199695,-1.91052
0,1676253081,-1.2185
0,2054904471,-0.0867259
0,1469367959,-5.02575
0,2066286615,-2.17885
0,2048902399,-1.10579
0,1982364930,-1.68578
0,1881059528,-1.2125
4,1677802366,0.444846
4,2147483647,0.444846
0,2147483647,0.444846
0,2052454714,-0.87929
0,2066156041,-3.13387
4,1828053716,1.80944
0,1983204428,-2.05213
4,2147483647,-2.05213
4,1557196544,0.199517
0,1970784918,-1.61139
0,2003079325,-0.772942
0,1834315632,-1.94489
0,2016123301,-1.38639
0,1989238668,-2.11095
4,2052854357,0.00154906
0,2013720300,-1.17872
4,2147483647,-1.17872
0,2046661960,-2.80241
4,2147483647,-2.80241
0,1693582671,-3.89941
0,1999838272,-3.28809
0,1564959316,-0.489013
4,2147483647,-0.489013
4,1968440555,1.37339
4,2051022295,3.70076
4,2147483647,3.70076
0,1680884655,-1.71704
0,2048138657,-0.413454
0,1469760459,-3.70811
4,2000499065,1.89603
4,2062130346,0.299711
4,2147483647,0.299711
4,2147483647,0.299711
4,2147483647,0.299711
0,1992892783,-1.2373
0,1989444879,-0.424967
0,1970254252,-1.71539
0,1824430332,-2.39147
0,1792117812,-0.219885
4,1573069723,2.03763
4,2014987658,2.55682
0,1973880325,-5.90961
4,1557915414,1.25091
0,2054502542,-0.20235
0,2015041851,-2.50551
0,1559356958,-3.71333
0,2071887705,-0.630927
0,1963822594,-1.92892
4,2064592635,0.861079
0,1751324739,-4.36077
0,1995403087,-7.71939
0,2058929292,-1.33739
0,2064056843,-2.86868
4,2070387156,0.311711
4,2067108245,1.18101
4,2147483647,1.18101
0,2014866449,-0.775909
0,2048349068,-0.325014
0,1998086133,-0.199103
0,1759653173,-0.413011
4,2065040075,3.20444
0,2147483647,3.20444
4,1752416053,0.708085
4,1980339324,0.281967
0,2147483647,0.281967
0,2015127795,-1.00345
4,2147483647,-1.00345
4,1989339247,0.12198
0,1989482645,-0.387465
4,1823814469,0.2
4,2147483647,0.2
4,2059530050,0.531095
0,1551270892,-0.140173
4,2147483647,-0.140173
0,2147483647,-0.140173
4,2147483647,-0.140173
4,1969333555,0.674894
4,1753307859,0.877473
0,2014540226,-0.00497554
0,2002711429,-1.23693
0,1986475346,-0.0821391
0,2147483647,-0.0821391
4,2147483647,-0.0821391
0,2017106733,-0.191863
0,2015436008,-3.32219
0,1996357305,-0.303567
4,2147483647,-0.303567
0,1680742192,-0.679304
4,1555931000,0.0495707
0,2063069686,-0.255919
4,2147483647,-0.255919
0,1975343431,-2.15536
0,2063667750,-0.419307
0,2052535602,-0.0908924
0,2147483647,-0.0908924
0,1754599331,-0.0648927
4,2147483647,-0.0648927
0,2055828882,-0.412774
0,2060137856,-1.44539
0,1553926283,-1.30298
0,2147483647,-1.30298
4,2147483647,-1.30298
4,2068119426,0.465999
4,1966981206,0.0500322
0,2065057641,-2.35807
0,2147483647,-2.35807
0,1962045507,-1.16432
0,2056771164,-0.0707142
4,2147483647,-0.0707142
0,1976912718,-1.11637
0,2013900996,-0.662696
0,1986641242,-1.758
0,1970044676,-1.70236
0,1970179540,-2.82604
0,2001404025,-0.147506
4,2147483647,-0.147506
4,2147483647,-0.147506
0,1988977689,-0.119689
4,2147483647,-0.119689
4,2147483647,-0.119689
0,1880422906,-0.585709
4,2147483647,-0.585709
4,2031855040,1.74379
0,1834313859,-0.576865
0,1971591897,-0.107729
0,1827219343,-2.38793
0,2049838400,-0.330098
4,2147483647,-0.330098
0,1824582751,-1.04505
4,1551179767,1.4484
0,1979632145,-3.35719
0,1793985685,-0.205465
0,1932858806,-1.22856
0,1966523824,-0.393768
0,1978989122,-1.00801
0,1751431183,-0.308011
0,2147483647,-0.308011
4,2147483647,-0.308011
4,2070261537,2.12207
0,1573252109,-1.41919
0,2147483647,-1.41919
4,2147483647,-1.41919
0,1971482268,-0.291382
0,1694367237,-0.220304
0,1826451755,-2.17955
4,1686828899,0.0229013
4,1971280284,0.502337
0,2061132979,-3.29417
4,2059435727,0.977801
0,1984482037,-0.0979041
0,1972212044,-1.3232
4,1678810498,0.568125
0,2147483647,0.568125
4,2147483647,0.568125
4,1822539039,0.0396434
0,1974101945,-1.82297
4,2147483647,-1.82297
0,1833735491,-0.0615699
4,2147483647,-0.0615699
4,2054265158,0.756819
4,1984835765,1.08023
4,2147483647,1.08023
0,2048326477,-1.58363
0,1684981732,-1.24832
0,2069228355,-2.03611
0,1968680829,-1.47604
0,2064229911,-1.69638
0,2001578348,-0.487254
0,1974428822,-0.521149
4,2147483647,-0.521149
0,1989832348,-0.0231436
0,1958074103,-0.49017
0,2013495503,-6.06473
0,2147483647,-6.06473
0,1970092385,-2.66873
0,1684762584,-0.27672
0,2147483647,-0.27672
4,1980287632,4.31281
0,2050657297,-0.511307
0,2044930269,-1.95581
0,1967287316,-0.00829496
0,1831297275,-2.3461
0,1975186670,-0.624523
0,1827812330,-1.37552
4,1996034198,1.23311
4,2147483647,1.23311
0,1971986939,-1.8137
4,1990436668,1.03749
0,1966338217,-0.518324
0,1835501911,-1.97958
4,1990429095,0.953315
4,1997260503,2.30191
0,1967077689,-0.270984
4,2147483647,-0.270984
4,1957301684,1.17468
0,2053065327,-0.0263515
4,2053173907,0.855639
0,2001298009,-1.0843
0,1792196219,-0.678259
0,2054764604,-1.1232
0,2000632044,-0.381156
0,2051196200,-0.519662
0,2056484544,-0.550996
4,1986897510,0.399407
0,1565294837,-4.02657
0,2003247771,-0.732194
4,2147483647,-0.732194
0,1972177813,-1.30632
4,2147483647,-1.30632
4,2147483647,-1.30632
0,2033597398,-0.0773081
4,1982835207,0.640586
4,1970419452,0.662547
4,1823154411,0.643931
4,1759728849,2.36319
0,2068891433,-1.8602
0,2001404553,-0.262118
0,2014693062,-1.56077
0,2147483647,-1.56077
0,1992355114,-0.540365
4,1991688740,0.2
4,1751949655,1.55496
0,1826525549,-1.01467
4,2060305622,0.707017
0,1996787711,-5.20438
4,2065156743,1.76001
0,1827979868,-0.0247452
4,2147483647,-0.0247452
0,2147483647,-0.0247452
0,1985366963,-0.96166
0,2008810699,-0.659043
0,2013164060,-1.91126
4,1986704344,0.79824
0,2147483647,0.79824
4,1989055740,1.37001
4,1974138257,1.50814
0,2147483647,1.50814
0,1678239995,-0.419733
4,2147483647,-0.419733
0,2147483647,-0.419733
0,2001120667,-0.0598406
0,1558765395,-4.234
0,2147483647,-4.234
4,1982989985,0.722475
0,1834340083,-1.91348
4,1961243059,0.179344
4,1685720185,0.893147
0,1969783740,-5.71102
0,2002418805,-6.14272
0,1966042682,-6.25853
4,2147483647,-6.25853
0,1835324555,-0.415379
4,2070110928,0.933969
4,2147483647,0.933969
0,1832256199,-1.00447
0,2147483647,-1.00447
0,2003537756,-0.743691
4,2147483647,-0.743691
4,2012549126,0.337583
0,1975040504,-0.228063
0,1835974474,-0.687303
4,1957745916,0.0750872
4,2147483647,0.0750872
4,1754192209,3.88428
0,2001947271,-0.79765
0,1957065322,-0.896812
0,1969992398,-0.20829
4,2000953619,0.664514
0,1881784104,-1.61346
0,1933163201,-4.84419
0,1695137257,-3.47844
0,2053859329,-0.432157
0,1997890629,-3.26772
0,1792865652,-1.19827
4,2147483647,-1.19827
0,1835772659,-3.04373
0,1964835491,-0.635386
4,2147483647,-0.635386
4,1999500328,1.25371
4,1676387727,0.73976
4,2147483647,0.73976
4,2147483647,0.73976
0,1973401861,-0.834747
4,1978441286,1.05178
4,2058387492,0.289612
4,2147483647,0.289612
0,1880562629,-0.301293
0,2064373089,-3.41216
4,2054299476,0.0812798
0,2067999430,-0.829038
0,2147483647,-0.829038
0,1982787500,-0.479439
0,1956358973,-0.746466
0,1971604877,-0.325322
4,2016990294,0.163512
0,2147483647,0.163512
0,1823969950,-4.82818
4,1834125681,0.285663
0,1835721508,-1.19452
0,1833310414,-1.10239
4,1558669355,0.220526
0,2147483647,0.220526
0,1822721812,-1.29323
0,1965952367,-3.30594
0,2053748414,-1.27992
0,1823417257,-0.0912973
0,2039711243,-0.857138
4,2147483647,-0.857138
4,1984530142,0.826416
0,2063854946,-2.10086
0,2147483647,-2.10086
0,1823791724,-0.801747
4,1686567105,0.2
0,1831347423,-0.879566
4,2147483647,-0.879566
4,2147483647,-0.879566
0,1975088292,-2.75475
0,1880381221,-2.42324
0,1557495851,-0.306131
4,1985395190,0.58188
4,1997975253,3.11936
4,2016608836,3.23653
0,2016071376,-0.236339
0,2065056427,-1.38615
4,2147483647,-1.38615
4,2063123233,0.633594
0,2147483647,0.633594
4,2017436274,1.50234
0,1997213502,-0.109099
0,1557615386,-0.261126
0,2012136653,-1.01741
4,2058255096,0.623169
4,2147483647,0.623169
0,1956072613,-2.09333
0,2147483647,-2.09333
4,1975823112,0.199551
0,2061281346,-0.0245844
0,1969829341,-0.00276348
4,2013302940,0.162816
4,1834702702,0.648161
4,2014894952,0.513223
4,2147483647,0.513223
0,2054022677,-0.751249
0,2052897293,-0.821568
0,2071030719,-0.144555
0,1967641411,-1.81316
4,2061301194,0.34986
0,2058861596,-1.97143
4,2002776429,0.64314
4,1883149671,0.250547
4,1991527141,0.352026
0,1992518706,-0.136883
0,2147483647,-0.136883
0,1677642632,-2.58339
0,1966130988,-1.00899
0,1981172548,-1.61155
0,2147483647,-1.61155
0,2004190742,-0.186171
4,2068640978,0.700775
4,1833781606,0.126757
4,2147483647,0.126757
0,1688895814,-2.19184
0,1825607170,-0.577383
0,1997427492,-2.65306
0,1976197547,-3.34548
4,2147483647,-3.34548
0,2147483647,-3.34548
4,1974908002,2.2356
0,1796904794,-4.02968
0,1882374395,-0.954567
0,1970309658,-0.00883968
0,2014449129,-1.18893
0,1993412683,-0.296412
4,1962457423,0.246632
0,2015050192,-0.310826
0,1973519672,-0.0222215
0,1978359765,-3.06733
4,2000859431,1.81845
0,2002815670,-0.939852
0,1556361985,-1.31321
0,2147483647,-1.31321
0,1833911324,-1.10432
0,2052425245,-3.43537
4,2069871992,1.79851
0,1983861430,-0.826114
4,2147483647,-0.826114
4,1977752930,1.00818
0,1974757320,-0.267507
0,2015175348,-1.64088
4,1977947576,1.03186
0,2060103375,-0.405987
0,1754602246,-1.92916
4,2147483647,-1.92916
4,1978161099,0.2
0,2072225907,-2.67472
0,1981801688,-0.779834
0,2051958919,-0.871104
4,2001457053,0.266984
4,2147483647,0.266984
0,1686638877,-2.1181
0,2014211807,-2.55945
4,2147483647,-2.55945
0,1880800910,-2.32944
4,1551049117,0.37804
0,1970148751,-1.19591
4,1688115203,0.116801
4,2063736710,1.87315
4,2067542510,1.2003
4,1992573871,0.271568
4,2147483647,0.271568
0,1880204818,-0.350302
4,2010601007,1.84548
4,1684969857,4.2862
0,1967191955,-0.0571346
4,2147483647,-0.0571346
0,1975139302,-1.00948
0,1960396697,-2.80287
4,2147483647,-2.80287
0,1976012979,-5.74883
0,2011037714,-0.679239
0,1752964724,-0.949704
4,2065331597,1.9464
4,1692095665,0.885649
0,1824135548,-0.131081
0,1975155081,-2.99035
0,2063935126,-1.78164
4,2147483647,-1.78164
4,2147483647,-1.78164
4,1962460120,0.0255274
0,2147483647,0.0255274
4,1996245626,0.890598
0,2147483647,0.890598
0,1677893444,-2.39685
4,1795258508,0.367054
4,2057168329,0.379163
0,1957276202,-0.638305
4,1557133612,1.30004
4,2046055762,2.66294
4,1557376333,1.18083
4,2147483647,1.18083
0,2072280721,-0.0405112
0,1827894541,-0.354268
0,1989299126,-1.35675
0,2147483647,-1.35675
0,1984716271,-0.485679
4,2049500048,0.643931
0,1975184407,-1.77901
0,1880206985,-1.73464
0,2014888238,-0.133541
4,1823121412,0.41349
0,2147483647,0.41349
0,2147483647,0.41349
0,2147483647,0.41349
0,2031083377,-0.114197
0,2064445962,-0.360267
4,2061967745,0.311226
4,2147483647,0.311226
0,1695965030,-0.0409697
0,2053209711,-0.680573
4,2147483647,-0.680573
0,1990081251,-1.88833
4,2147483647,-1.88833
0,1556859702,-9.37966
4,2017608191,0.240635
0,2147483647,0.240635
4,2147483647,0.240635
0,1467841985,-2.26081
0,1976169021,-0.147901
4,1991303591,0.0695138
4,2147483647,0.0695138
0,1834768511,-0.278711
4,1754151996,0.325163
4,1468293310,2.86611
0,2013067159,-0.667286
4,1981815354,3.54207
0,1826416844,-0.981041
0,1970518051,-0.858446
0,2062915421,-0.0124302
4,2147483647,-0.0124302
0,1968318627,-0.568465
4,2147483647,-0.568465
0,1966636524,-0.311549
0,1976481129,-0.807289
4,2147483647,-0.807289
0,1967887709,-0.263097
4,1989897759,0.552586
0,2066644913,-0.212885
4,2058161693,0.130682
0,1832787208,-0.314562
0,2147483647,-0.314562
0,2147483647,-0.314562
0,1961988280,-0.781641
0,2001956856,-0.899034
0,1966747487,-0.72785
4,2003229650,1.34933
0,1963463834,-0.191862
0,2147483647,-0.191862
0,1881187433,-2.17397
4,1881060436,0.2
4,2008244725,0.286928
0,1675862988,-2.83108
0,1688043632,-0.866092
4,1828024584,1.63464
0,1991796239,-2.53027
0,1973365696,-1.05102
0,2147483647,-1.05102
4,1989741850,0.643931
0,1881754375,-2.54941
0,1956246359,-3.20854
4,1991189594,5.10554
0,1468851257,-1.31899
0,2147483647,-1.31899
0,1956309909,-3.50012
0,2013179966,-0.391759
4,2061514319,0.232806
0,1678265340,-0.433331
0,1974776762,-1.61902
0,1468527858,-0.773359
4,1972624038,0.623429
4,2071744089,0.761242
4,2147483647,0.761242
4,2147483647,0.761242
0,1980454888,-0.232864
0,2147483647,-0.232864
0,2007164150,-1.07435
0,2049305380,-0.0225786
4,2045841638,0.0752218
0,1969386205,-0.282631
4,2067502388,0.826398
4,1971059925,1.12985
0,1833565153,-2.1882
0,1678131591,-0.0118841
0,1972329512,-1.70684
4,2071089740,0.510693
0,1969716436,-1.1635
4,1677207746,3.31354
0,1879952416,-1.59813
4,1557680197,0.201842
4,1966195083,1.6763
0,1677458774,-3.17075
0,2147483647,-3.17075
0,1553462868,-1.90984
0,1974381482,-1.60445
4,1684926912,1.10226
4,2147483647,1.10226
4,1968788388,0.146659
4,2147483647,0.146659
4,1999622490,0.223164
4,1971851239,0.767984
4,2147483647,0.767984
4,1996192111,2.68548
4,1969597259,0.648062
0,1981145763,-2.88584
0,2053746919,-0.52725
4,2147483647,-0.52725
4,1833580364,0.474215
0,2065576808,-2.57278
0,1468350990,-6.44155
0,2013899212,-0.114197
0,1684847803,-0.573432
4,2147483647,-0.573432
0,1969765452,-0.114197
0,2000428122,-5.33834
4,2147483647,-5.33834
0,1981707307,-4.89476
0,1692098447,-0.314052
0,1556607315,-1.51161
0,1996254213,-0.776502
0,2147483647,-0.776502
4,2147483647,-0.776502
0,1967945321,-1.26701
0,2147483647,-1.26701
0,2044814850,-0.645478
4,2147483647,-0.645478
0,1992455857,-2.11993
0,1551492312,-1.88119
0,1972542486,-0.0567112
0,1986786468,-4.04285
0,2013536004,-3.66874
0,1468363696,-1.75344
0,2056953624,-0.677327
0,1468323352,-7.46502
0,2055538669,-5.22852
0,1957457351,-0.114197
0,1932858345,-1.90841
0,2147483647,-1.90841
0,1975217477,-0.766531
0,1554166882,-0.687303
0,2002031791,-0.222172
0,2147483647,-0.222172
4,2016634229,0.178815
0,2147483647,0.178815
4,2147483647,0.178815
0,1983309302,-0.127595
0,1553179492,-0.083278
4,2147483647,-0.083278
0,2147483647,-0.083278
0,1880633614,-0.618654
4,2147483647,-0.618654
4,1553823403,0.2
0,1983207574,-3.38227
0,2053489850,-2.3131
0,2015051837,-2.4374
0,1966375840,-1.45901
0,2011036397,-1.49587
0,1770548980,-1.08655
0,2002670646,-2.31174
4,1982360586,1.18543
4,1565096048,1.17895
0,2147483647,1.17895
0,1976092811,-0.144002
0,2001120529,-0.624725
0,1998696896,-2.74457
0,2147483647,-2.74457
4,2067114961,1.29861
0,1574087957,-3.18293
0,1693209039,-0.326093
0,1468194474,-0.289106
0,1997539608,-3.69488
0,2147483647,-3.69488
4,2147483647,-3.69488
4,2066940996,0.909251
4,2147483647,0.909251
0,2052865551,-9.47665
0,2147483647,-9.47665
0,1977004923,-0.831684
4,2063704547,1.65218
4,1563807026,1.67534
0,2147483647,1.67534
0,2147483647,1.67534
0,2001179123,-2.0558
0,1989756576,-1.12488
0,1676314127,-0.761355
0,2051161334,-0.234486
4,2147483647,-0.234486
0,1957446637,-0.928909
4,2147483647,-0.928909
0,1834516908,-1.42733
4,1975221731,0.643931
0,2054873163,-0.0163293
4,1564646271,1.93839
0,2147483647,1.93839
0,1572844206,-0.55096
0,1990113456,-0.931403
4,1972180784,1.15197
0,2065958726,-0.699086
0,2014691453,-7.65591
4,1794908642,0.123881
4,2147483647,0.123881
0,1956072585,-2.09787
4,2068628581,1.03251
0,1932293682,-1.2406
4,2069520832,0.138834
4,2147483647,0.138834
0,1558213818,-0.114197
4,2067973002,0.0219687
0,1979229344,-0.00679441
0,1975982905,-2.32569
0,1685031414,-5.62398
4,2147483647,-5.62398
4,1980608730,0.874744
4,2147483647,0.874744
0,1981935469,-0.0275879
0,2061525160,-0.925819
4,2147483647,-0.925819
0,1753309879,-1.09897
0,1979334350,-2.45352
0,1685519453,-0.625912
4,2147483647,-0.625912
4,2147483647,-0.625912
0,1551427323,-3.70884
4,2048255466,0.674894
4,2069781685,1.60913
0,2052747849,-0.898612
0,1993750006,-2.28428
0,1979707351,-3.36768
0,2147483647,-3.36768
4,2147483647,-3.36768
4,2147483647,-3.36768
4,2060633011,0.279067
0,1978972341,-1.64954
0,2002015528,-2.48822
0,2015905004,-3.34096
0,1750965106,-1.19432
0,1995468359,-1.62079
0,2052857472,-0.0904281
0,1694091113,-1.79543
0,1982166633,-1.17514
0,2000916354,-0.520602
0,1795269197,-2.1429
4,2147483647,-2.1429
0,1965859633,-0.295918
4,2013504283,0.16921
0,2147483647,0.16921
0,1751500571,-1.88761
0,2058658659,-0.307225
0,1997119782,-2.33394
4,2147483647,-2.33394
4,1754092861,0.411176
4,1973811135,0.109771
0,2065074618,-0.0693001
0,1969028205,-2.3851
4,2147483647,-2.3851
0,1975008124,-1.71041
4,2147483647,-1.71041
4,2147483647,-1.71041
4,1759163629,0.2
4,2147483647,0.2
0,1983863774,-0.600056
0,1469586840,-2.99828
4,2147483647,-2.99828
4,2147483647,-2.99828
0,2065768783,-0.292476
4,1573322799,1.02045
0,1970443605,-1.65391
4,2147483647,-1.65391
0,1677909760,-0.550021
0,1827731688,-0.515943
4,1993859360,1.72731e-06
4,2010644681,0.642558
0,2009186739,-0.885049
0,2047581389,-0.627341
4,1966228071,2.06001
0,1989391854,-3.61784
4,1550842657,4.25115
0,2147483647,4.25115
4,2002319172,1.33677
0,1676369117,-3.95253
0,1977779735,-2.71584
0,1981375366,-0.712699
4,1961059288,3.3281
4,1979755052,0.583626
0,2147483647,0.583626
4,1556696599,0.145933
0,1970529558,-1.1153
4,1879965913,0.0162807
0,1695249050,-1.31347
4,2147483647,-1.31347
4,2147483647,-1.31347
0,1979714962,-0.502197
4,2147483647,-0.502197
0,1973435677,-0.126923
0,2016176404,-0.0199715
0,1978816189,-4.12087
0,1559129556,-4.15273
4,2147483647,-4.15273
0,1976531261,-1.40417
0,1932886859,-3.37129
0,1795317308,-2.30946
0,1557108349,-0.119039
0,1469026374,-0.464658
0,2003292865,-0.331879
4,2147483647,-0.331879
0,1975201513,-1.8826
4,1992703336,0.61358
4,2147483647,0.61358
0,1960762111,-0.461627
4,1556721843,1.44777
0,1564202104,-0.556461
0,2147483647,-0.556461
0,1677330082,-0.954856
4,2062438113,0.802094
4,2070167100,1.98288
4,1573159475,0.261727
4,2147483647,0.261727
4,2051012325,2.08497
0,1676972538,-4.43535
4,2147483647,-4.43535
4,2147483647,-4.43535
0,2016556999,-1.34556
0,2053012026,-2.52979
0,2055957845,-0.723117
4,2052485717,0.148091
0,1559708910,-0.977713
4,1960425693,0.778596
0,1982770345,-1.77986
0,2147483647,-1.77986
0,2062448130,-2.79319
0,2050115199,-0.379013
4,2147483647,-0.379013
4,1687331308,0.197308
0,1468788316,-0.687303
0,1980668650,-1.08883
0,2070747966,-0.644111
0,1961922459,-0.115633
0,2018376280,-2.25451
0,2147483647,-2.25451
0,1983847117,-3.70702
0,1970197396,-0.23743
0,1985401668,-6.47718
0,1836133712,-0.906243
4,2015206815,0.578015
4,1972397859,0.774724
0,2147483647,0.774724
0,1557782637,-0.782962
4,1969275290,0.311226
0,1969767851,-3.01957
4,2147483647,-3.01957
0,2039765546,-0.67897
0,1694401066,-1.42588
4,2147483647,-1.42588
0,2058027787,-0.179051
0,2062447973,-3.45931
4,2009275068,0.110893
0,1975739142,-1.0203
0,2015985772,-1.50676
0,1971577875,-2.54599
4,2147483647,-2.54599
4,1880916014,1.08641
4,2147483647,1.08641
4,1986183763,0.260677
0,2147483647,0.260677
0,1558885636,-0.562109
4,2050821922,0.220588
0,1827731134,-0.913211
4,1966449859,0.155723
4,1793068369,1.37214
4,2147483647,1.37214
0,1967870016,-3.03368
0,2053316113,-1.05276
4,2070108993,0.777075
0,1989032082,-0.361239
0,1693831043,-2.01089
4,2000628048,0.311226
0,1883302756,-0.85916
4,2147483647,-0.85916
0,2063718381,-0.687303
0,2147483647,-0.687303
0,2051626532,-0.369403
4,2070619778,0.755022
0,1833814026,-1.64739
0,2044847206,-0.726186
4,2147483647,-0.726186
4,1834471224,0.39723
0,2070659906,-0.898278
0,1998959247,-0.0779652
4,2013323587,0.659448
0,2033645275,-2.57631
0,2062626062,-2.56747
0,2070151359,-0.28037
0,1793119103,-1.38837
0,2067434489,-0.569025
4,2052620702,0.0839976
4,2147483647,0.0839976
4,1564463278,1.08583
0,1564103697,-0.588054
4,1963649102,3.63461
0,1980616407,-0.616536
0,1982017001,-0.0222027
0,2002710750,-0.874221
4,2147483647,-0.874221
0,1933223520,-2.80362
0,2049461341,-1.25613
4,2147483647,-1.25613
4,2147483647,-1.25613
0,1556986559,-0.770079
0,2147483647,-0.770079
0,1999218343,-0.39232
0,2147483647,-0.39232
4,2001692811,1.57125
0,1688818625,-3.32498
0,1996257822,-1.64253
0,1558676679,-0.766531
0,2147483647,-0.766531
0,2051733249,-0.198544
0,1994997850,-0.0801755
0,2059382227,-0.86867
0,1467823046,-1.77198
4,2015777146,0.0823111
0,2061365229,-1.15219
4,1882086549,1.06306
0,1968182911,-2.05301
0,2147483647,-2.05301
0,2147483647,-2.05301
0,2013932949,-1.90495
0,1826036855,-1.99758
4,2147483647,-1.99758
0,1984414713,-0.401802
4,2147483647,-0.401802
4,2147483647,-0.401802
0,1687125121,-0.845467
0,2016283067,-0.470552
0,1996276529,-0.917339
0,2015667870,-1.64037
0,2011927964,-2.30822
0,1977579125,-4.91567
0,1880937071,-1.5673
4,2147483647,-1.5673
0,2147483647,-1.5673
4,2147483647,-1.5673
0,1827778353,-1.78716
0,1558023873,-0.47473
0,1573752902,-1.32392
0,1980017547,-1.08178
4,1835728768,0.2
4,2013137890,0.605465
0,1961529066,-0.312769
4,2147483647,-0.312769
0,1827437673,-0.442323
0,1970154971,-1.47698
0,2030755804,-1.78738
4,1965531224,0.668974
4,2006459542,0.2
4,2059947755,1.73989
4,2016999562,1.87835
4,2147483647,1.87835
4,1973845464,0.00948168
4,1974639885,0.311226
0,2147483647,0.311226
4,1981391396,0.0843156
0,2147483647,0.0843156
0,1550847854,-1.19911
4,1558066637,4.68737
0,1557388067,-0.10216
0,2065697920,-0.601793
0,2061394960,-1.29467
0,2147483647,-1.29467
0,2047856380,-3.19229
0,1984395758,-0.324086
0,1994828373,-0.633424
0,2072111426,-0.494875
0,1978385104,-0.955521
4,2147483647,-0.955521
4,2007794059,0.101887
0,1836189437,-0.00297096
0,1964546332,-0.546308
0,2147483647,-0.546308
0,1694457763,-0.87121
0,1933020610,-1.31756
4,1988864103,0.778021
4,2016094787,0.209887
4,2147483647,0.209887
4,2062512680,0.717105
0,1956277054,-4.05062
4,2147483647,-4.05062
0,2067470521,-0.698146
0,1957357686,-0.577705
4,2147483647,-0.577705
0,2147483647,-0.577705
4,2147483647,-0.577705
0,2147483647,-0.577705
0,1972897232,-0.591497
0,2069789663,-0.761352
4,1685694596,0.777075
0,1770980190,-2.74346
0,2015723770,-0.568551
0,1997048398,-2.76403
4,1964592011,0.436095
0,1880294252,-0.104354
0,2055997262,-2.3842
4,1990436133,0.748475
4,1573299338,0.55174
0,1978544281,-0.96101
4,2147483647,-0.96101
4,2147483647,-0.96101
4,2000761412,0.34532
0,1972774537,-0.44288
0,1882230451,-0.235134
4,2147483647,-0.235134
4,1556794166,1.9832
0,1999932520,-0.799249
4,2147483647,-0.799249
4,2147483647,-0.799249
0,1989713332,-0.37956
0,2147483647,-0.37956
0,1977027067,-0.261181
0,1990969320,-4.62043
4,1986163450,0.23238
0,2064896422,-0.0248812
0,1469814230,-0.114197
0,1998433269,-3.05982
0,2067012796,-0.58724
4,2147483647,-0.58724
0,2052447363,-1.45583
4,2147483647,-1.45583
0,1880534453,-0.0323613
4,1881246469,0.876982
0,2147483647,0.876982
4,2147483647,0.876982
4,1557029129,1.76549
4,1976288886,1.82746
0,2068275388,-1.73151
0,1677055474,-1.15685
4,2049456132,0.458341
4,1985140663,1.10845
0,2055509594,-1.05247
0,1793829089,-0.396518
0,2001751028,-0.605065
0,2072188554,-0.574655
0,1832351284,-0.30642
0,1751953066,-1.91373
4,1964127614,1.26547
4,1964246804,0.633451
4,1963531079,6.69279
0,2064200474,-3.6019
0,2147483647,-3.6019
0,2000790215,-1.22593
4,1826057919,0.849317
4,2147483647,0.849317
0,1978639293,-0.305984
0,2147483647,-0.305984
4,2147483647,-0.305984
4,2147483647,-0.305984
0,2147483647,-0.305984
0,1999020740,-3.49419
4,1826451189,0.643931
0,1965563541,-2.49574
0,1823818049,-0.129974
4,2147483647,-0.129974
0,1976151999,-0.170676
4,2147483647,-0.170676
0,1835247689,-1.26181
0,1882162648,-0.834563
4,1834399328,0.2
4,1967331972,1.3474
0,2066029664,-0.493147
0,1688114114,-1.84417
4,1795501115,1.57256
4,2147483647,1.57256
0,2147483647,1.57256
0,1998672713,-2.94837
0,1992560349,-0.29256
0,2015338603,-0.529604
4,2147483647,-0.529604
0,2062501982,-0.570497
4,1988999863,0.0568992
4,2069989234,1.57882
4,2147483647,1.57882
0,1986006253,-0.281293
4,1822461923,2.57463
0,2015784644,-0.206332
4,1973447806,1.62139
0,2068117437,-0.61899
4,1792352669,0.976677
4,2147483647,0.976677
0,2052596834,-0.958944
0,1984847555,-1.5651
4,1834160211,1.16279
0,1468022154,-1.2821
4,1996606351,3.82069
0,1970664050,-1.85792
4,2147483647,-1.85792
4,2147483647,-1.85792
0,1836226421,-2.18854
0,2031180864,-0.911346
0,2049284937,-1.27235
4,2054482218,0.305361
0,2061198652,-2.67128
4,1963408939,3.0328
4,2001391684,0.407494
0,2147483647,0.407494
0,1752773617,-0.852833
4,2147483647,-0.852833
0,2050829441,-1.57535
4,2016050359,1.25276
4,2147483647,1.25276
4,1977727103,2.91369
4,2147483647,2.91369
0,1564503761,-3.64567
0,2062303571,-2.1405
4,1468141439,1.50459
4,1968808631,0.893147
0,1563758374,-2.87015
0,2017015076,-0.969969
0,1996216128,-2.21652
4,1990297488,0.337949
4,2147483647,0.337949
4,1974017254,0.195779
0,1970792485,-1.97754
0,1553240921,-4.19906
4,2147483647,-4.19906
4,2147483647,-4.19906
4,2147483647,-4.19906
0,2068965661,-1.46866
4,2147483647,-1.46866
0,1968025577,-0.408406
0,2052719106,-4.6942
4,2001034271,3.93245
0,2062656961,-0.147345
0,2052907212,-0.154189
0,2001577743,-0.255636
0,1975629391,-0.585552
4,2147483647,-0.585552
4,1792887601,0.0624768
0,2055072550,-1.27109
0,1677426682,-1.23506
4,1563611376,0.93159
4,2147483647,0.93159
4,2147483647,0.93159
0,2015151444,-0.00968401
0,2000153119,-0.314559
4,1879914989,0.0399146
0,2063080732,-0.345027
0,2147483647,-0.345027
0,2147483647,-0.345027
4,2147483647,-0.345027
0,1962398562,-2.66738
0,1997330783,-0.43892
0,1989903419,-2.43112
0,1695618512,-1.57358
0,2061904935,-2.82304
4,2147483647,-2.82304
0,1681138808,-0.0231436
4,2052822329,1.56315
0,1823122006,-0.41315
0,1759770550,-0.143764
4,1996478583,2.40993
0,1933174799,-1.38858
4,1795267023,0.617033
0,2061698312,-0.180147
4,2147483647,-0.180147
4,2066919710,0.893147
0,1469369598,-1.82249
0,1976531735,-0.853502
4,2147483647,-0.853502
0,2147483647,-0.853502
0,2016976610,-0.278796
0,2066463494,-4.44268
4,1960864881,0.2
0,2064594138,-2.97002
0,2052260030,-0.621366
0,1974150776,-0.641054
0,1754400430,-0.778794
4,1965698138,0.171847
4,2014720087,0.876368
0,1983970733,-2.90318
0,2147483647,-2.90318
4,2147483647,-2.90318
4,2147483647,-2.90318
4,2147483647,-2.90318
0,2064302992,-0.493147
4,1881019472,0.808544
0,2147483647,0.808544
4,2147483647,0.808544
4,1973021054,0.785299
4,2147483647,0.785299
4,2147483647,0.785299
4,2059288110,0.0836093
0,1559677492,-0.894668
4,2147483647,-0.894668
0,1962798803,-2.44291
0,2051944893,-0.213003
0,1827705794,-2.19772
4,1985196593,0.445695
0,1684847233,-0.987107
4,2147483647,-0.987107
0,1834355575,-0.625672
0,2013470451,-0.627215
0,2015722464,-3.93754
0,2002830925,-0.881818
4,2014908428,1.91718
0,2003129899,-0.986402
0,1573579796,-1.30424
4,2147483647,-1.30424
0,1794909438,-0.248025
4,1882256356,0.718246
4,2147483647,0.718246
4,1991756511,0.2
0,1980311345,-1.26909
0,1827584721,-0.126027
0,2147483647,-0.126027
0,2068817613,-0.139611
4,2147483647,-0.139611
0,1677579918,-2.25159
0,2014949754,-0.0429103
0,1468956216,-1.5109
0,2014703614,-0.877401
0,1792325654,-1.29002
0,2063383383,-4.59803
4,1564539484,0.962764
0,2147483647,0.962764
0,1882109437,-0.771634
0,2057674039,-0.814227
4,2072213230,0.730367
0,1694222692,-0.0432432
4,1835149415,0.282011
0,2071244554,-0.0876695
0,2059881665,-0.512432
0,1999390533,-1.57464
4,2062211188,0.700923
0,2059232262,-0.316349
0,1880606965,-0.126586
0,1965544428,-3.7897
0,2052173376,-1.64705
0,1956687021,-2.36728
4,1469757896,0.955872
0,2147483647,0.955872
0,1995192416,-1.00725
0,1971112157,-0.790018
4,1753665095,0.0545639
0,1824182353,-1.04176
0,1967005106,-0.196981
0,2015336491,-0.825239
0,1824246100,-1.86604
0,1880693074,-0.114197
0,1834663105,-0.358581
4,2039678872,1.45099
4,2052280715,1.18506
0,2032695643,-0.159141
4,2147483647,-0.159141
0,2147483647,-0.159141
0,1835548598,-0.244558
0,1972472818,-1.04203
0,1975533891,-1.48087
0,2015053056,-1.17191
4,2147483647,-1.17191
0,2147483647,-1.17191
4,2147483647,-1.17191
4,2044050625,0.59149
4,2147483647,0.59149
4,2147483647,0.59149
0,1824203706,-2.72955
0,1971109316,-0.852534
0,1968023841,-1.2829
0,2147483647,-1.2829
0,1955984349,-0.489464
4,2147483647,-0.489464
0,1992313668,-0.834822
4,2147483647,-0.834822
4,2147483647,-0.834822
0,1972987530,-0.296394
0,1961113314,-4.2207
0,1827939149,-2.66857
0,1692216922,-0.373041
4,1956367230,0.00948168
0,2147483647,0.00948168
0,1966946892,-0.0538014
0,2071795540,-1.4049
0,2011632671,-1.34812
4,1564081779,0.369156
0,2147483647,0.369156
0,1880313657,-1.54308
0,1685006271,-0.07891
4,2147483647,-0.07891
4,1994400912,2.26521
4,1976905800,0.0843645
0,2069604944,-0.252087
4,2147483647,-0.252087
4,2147483647,-0.252087
0,2065663298,-0.65859
4,1564070541,1.29022
0,1971194864,-0.230126
0,2053132095,-3.23729
0,1970074958,-1.74353
0,2001771572,-4.44684
0,2033595822,-0.149903
4,2147483647,-0.149903
0,1880771065,-0.28768
4,1998665646,0.86237
0,1993728824,-0.854152
4,2071552781,0.566387
4,1932488838,0.529459
4,1882260940,3.2321
4,2016568955,0.0231878
4,2147483647,0.0231878
4,2147483647,0.0231878
0,2004972457,-1.47644
4,1691119156,0.214256
4,1973528321,0.2
4,2054738893,0.143911
0,1967775539,-0.580836
4,1558281863,0.182157
4,2147483647,0.182157
0,1996897701,-1.7144
4,1695053664,0.06845
0,1981279182,-0.748982
4,1823841605,0.677036
0,1556723578,-0.745357
4,2147483647,-0.745357
0,1972294343,-3.41239
0,1998393397,-1.31524
4,2147483647,-1.31524
0,1997400814,-0.0212441
4,1881838716,1.04592
0,1548499336,-1.04912
4,2147483647,-1.04912
0,1961152410,-0.15039
4,2147483647,-0.15039
0,1677686886,-5.05521
0,1834375554,-3.16111
4,1955948430,0.510208
4,2147483647,0.510208
4,2147483647,0.510208
0,2067453180,-2.2019
0,1995592533,-1.83425
4,2147483647,-1.83425
4,2147483647,-1.83425
0,1961767016,-2.78041
0,1694835175,-0.731584
4,1974163980,0.183403
0,2147483647,0.183403
0,1880755293,-0.913833
4,2147483647,-0.913833
0,2001077413,-0.795525
4,1988771138,2.47919
0,2006965930,-0.0708798
0,1990051361,-0.760187
0,1979007194,-4.22694
0,1694203788,-1.28596
4,2060937765,0.0411929
0,1982515350,-0.800653
4,1692812547,0.614959
0,2047746722,-0.330042
0,2069863475,-0.752108
0,1963243460,-1.38527
4,2147483647,-1.38527
4,1997045116,0.684429
0,1988736262,-4.75858
0,1961552457,-2.3831
4,2147483647,-2.3831
0,2067586792,-3.35479
0,1975939493,-1.06155
0,2061394151,-0.46236
0,1997425873,-1.78324
0,2062725172,-0.567861
4,2147483647,-0.567861
0,1686267004,-0.414548
0,2013805585,-0.0508987
0,1827575139,-0.110832
0,2000827514,-3.74601
0,1796857377,-0.319511
0,2001437337,-0.503493
0,1993120594,-1.65989
0,1990550287,-1.70961
4,1983703186,0.985351
0,2062797552,-1.79296
4,2062462844,1.34087
0,1677133500,-2.48905
0,1980552206,-1.38787
0,1933096711,-0.136209
0,2017839381,-0.0655521
0,1827846187,-0.237743
4,2052406333,1.39376
4,1963228517,0.877467
4,1755181321,0.0681792
4,1573359893,1.80998
4,2147483647,1.80998
4,1975974650,2.18307
0,2053908077,-5.87562
4,2147483647,-5.87562
4,1955981915,0.082217
0,1836117517,-2.909
0,1985400868,-1.28363
4,1970907096,3.06653
0,2147483647,3.06653
0,2064532032,-0.767682
4,2147483647,-0.767682
0,2003312248,-0.168037
4,2019063353,0.936379
0,2014023325,-0.627817
4,1754318478,2.47309
0,2016399431,-5.99505
4,2054003614,0.595741
0,2064742609,-5.31229
0,1564878895,-0.0222506
0,2147483647,-0.0222506
4,2147483647,-0.0222506
0,1882248866,-0.721669
4,2147483647,-0.721669
4,1973600281,0.557304
0,2147483647,0.557304
0,1998956190,-0.988683
0,2147483647,-0.988683
4,2012552114,0.430302
0,1970409553,-0.11916
0,1976972661,-0.168082
4,2147483647,-0.168082
0,2000415571,-0.230638
0,1833647435,-0.48071
4,2147483647,-0.48071
0,2002777609,-0.950466
4,1824425910,0.325163
0,1971231329,-0.609619
0,1999783989,-0.587245
0,1982906648,-0.0263117
0,1685608923,-0.177356
0,2002232147,-0.626715
0,1970419886,-1.35943
0,1975613283,-1.58624
0,2070407635,-0.98741
0,1990953879,-0.493147
0,2059648459,-0.0413037
4,2147483647,-0.0413037
4,1957738949,2.04372
0,2147483647,2.04372
4,2002434115,0.152722
0,2147483647,0.152722
0,2056371849,-1.2887
4,2003826800,0.515186
0,2053816641,-1.63258
0,1957542093,-0.564478
0,1990682302,-1.79523
4,2147483647,-1.79523
0,2060000387,-2.33475
0,2004452778,-0.293086
0,1976468031,-0.361733
0,1833802829,-1.13703
4,1836031467,1.02324
0,1833994033,-2.64498
4,2053791115,0.545494
0,1882466664,-0.921556
4,1981613499,1.38002
4,1978859180,1.00651
4,2147483647,1.00651
0,2147483647,1.00651
0,2063033821,-1.24332
0,1958097406,-1.87018
0,1999292398,-1.09516
4,1826374428,1.62139
4,2057402708,1.28974
0,2055323546,-0.00573759
0,2017684590,-1.11376
0,2070152475,-1.02204
0,2057993029,-0.819441
0,1986156092,-1.67258
0,2147483647,-1.67258
4,2000094353,0.382725
0,2060244405,-1.05425
4,2070161190,0.289612
0,1695083053,-0.349041
0,2054609470,-1.63449
0,1677809658,-0.114197
0,1557556783,-0.932311
0,1976799764,-0.716725
0,2147483647,-0.716725
4,2064768311,0.00924157
0,1956057911,-2.2729
0,1983433495,-0.96427
0,2064271818,-3.30561
4,2147483647,-3.30561
0,1678944638,-3.01728
4,2056400155,0.2
0,2053047305,-0.559305
4,1836173778,0.367315
0,2147483647,0.367315
4,1980822577,0.774742
4,2147483647,0.774742
4,1985478051,1.24073
0,2147483647,1.24073
4,2147483647,1.24073
0,1982856159,-1.30302
4,2147483647,-1.30302
0,2000709333,-0.478618
0,1961593466,-0.11069
0,1563867822,-1.52361
4,1962935019,1.24205
4,1993985091,0.98169
4,2147483647,0.98169
0,1975233353,-0.869951
4,1759615612,2.00376
0,2062080445,-0.576652
4,2002051255,0.152747
0,2071283443,-1.20898
0,2067939553,-0.330404
4,1971281681,0.893147
0,1825067071,-1.65282
0,2066047292,-3.2165
0,1564038345,-1.96324
4,2147483647,-1.96324
0,2147483647,-1.96324
0,2003263095,-4.77574
0,2002298070,-2.31466
4,2147483647,-2.31466
0,1828076023,-0.0967252
0,1996954921,-0.463855
4,1770739995,0.00176317
0,2065784778,-0.209798
4,2053835647,0.2
4,1755082319,1.75949
4,2147483647,1.75949
4,2062354960,0.261885
0,2063487927,-1.62983
4,2147483647,-1.62983
4,2147483647,-1.62983
0,2062363245,-1.92575
4,2147483647,-1.92575
0,1989490494,-0.343805
0,2012032043,-0.895344
0,1792421251,-0.71929
4,1825339978,2.38785
0,1991137055,-1.41644
0,1880522469,-0.491352
0,1932481527,-0.92797
0,1977080525,-1.58356
4,2147483647,-1.58356
0,2014753901,-4.70557
4,2017391462,0.0406547
0,2059202007,-2.5203
0,1755315486,-0.944434
4,2147483647,-0.944434
0,2147483647,-0.944434
0,2050903956,-1.39217
0,2048577265,-0.482923
0,2147483647,-0.482923
4,2147483647,-0.482923
4,1564644828,1.37746
0,2147483647,1.37746
0,1792917517,-0.56531
0,1677093740,-0.790015
4,1695403228,0.451028
4,1822828419,3.28189
0,1984733349,-0.38815
0,2147483647,-0.38815
4,1967098968,0.777075
0,1827780611,-0.807939
0,1755708109,-0.847253
4,2147483647,-0.847253
0,1833813489,-1.47499
4,1686920875,1.48977
4,1994431534,2.07294
4,1678752734,0.268383
0,1980868582,-0.524105
0,1990224474,-0.973583
0,1969916943,-0.285585
0,1978448943,-2.38611
0,2147483647,-2.38611
0,1573385524,-1.01054
0,1564855103,-1.10153
0,1882146601,-1.38434
0,1984518086,-0.775173
4,2071779738,0.832907
4,1975048599,0.12586
0,1685030594,-1.59175
4,2147483647,-1.59175
0,1771004434,-2.4599
4,2147483647,-2.4599
4,2147483647,-2.4599
0,2055619526,-2.02441
0,1881451798,-0.912563
0,2052880870,-1.42388
4,2147483647,-1.42388
0,1754024315,-0.792119
0,2147483647,-0.792119
0,1994699758,-0.0797481
4,2055633748,1.11629
4,2147483647,1.11629
0,1997462948,-0.768113
0,1990906642,-0.553088
0,1684927674,-1.83282
4,2147483647,-1.83282
0,1975628152,-0.766077
4,2147483647,-0.766077
4,2072437483,0.354066
0,1557632526,-0.734771
0,1961292123,-0.466807
4,1985629149,0.664514
4,2147483647,0.664514
0,1972002565,-0.312505
0,2001666523,-0.182992
0,1956341748,-0.076169
0,1688008805,-0.382701
0,2059699785,-0.653564
4,2147483647,-0.653564
0,2147483647,-0.653564
0,1996357152,-0.236664
4,1833818886,0.248115
4,1962702878,0.819457
0,1564297902,-1.06751
0,1957690280,-0.00694856
4,2147483647,-0.00694856
0,1691052283,-0.300398
0,1967006062,-0.921953
4,2147483647,-0.921953
0,1967115595,-2.04253
0,2147483647,-2.04253
0,1965619672,-0.111282
4,2147483647,-0.111282
0,2147483647,-0.111282
0,2147483647,-0.111282
0,2008965132,-0.289684
0,1694312237,-0.0396849
0,2012722962,-8.84294
0,1961832475,-0.0360773
4,2147483647,-0.0360773
4,2147483647,-0.0360773
4,1962015688,0.2
0,2053801687,-2.47544
4,2147483647,-2.47544
4,2147483647,-2.47544
4,2147483647,-2.47544
0,2147483647,-2.47544
4,2147483647,-2.47544
0,1751503363,-0.25112
0,1983950254,-1.79101
0,1965508306,-0.110065
4,2147483647,-0.110065
0,1827640099,-0.468142
0,1992687023,-0.616753
4,2013760796,3.39029
0,1833021794,-0.77317
0,1973879330,-0.285873
4,1976102785,0.424765
4,1956254612,1.64413
4,2147483647,1.64413
4,1752557097,0.2
0,1752321034,-3.20197
4,2002598590,0.289612
4,1997064547,2.0427
4,1685363424,0.211011
4,2147483647,0.211011
4,1882404021,0.325187
0,2013288726,-1.97047
4,2054562630,0.0176784
4,2147483647,0.0176784
0,1693609326,-0.751492
0,2000351448,-3.02435
0,2001525830,-1.73407
0,2054047875,-1.46961
4,2147483647,-1.46961
0,2147483647,-1.46961
4,2147483647,-1.46961
0,1984935450,-1.35912
0,1996595845,-0.788278
0,2014317083,-2.98145
0,1564121955,-0.463339
4,1991074956,0.406257
0,1989757455,-2.04117
0,1676872434,-1.25225
0,2051242290,-1.02148
4,1564363153,0.846271
4,2016399404,4.1991
0,1992111362,-0.459829
4,2147483647,-0.459829
4,2000937602,0.688914
4,2147483647,0.688914
4,2147483647,0.688914
0,2063589457,-1.42965
4,2147483647,-1.42965
